variant_id,make_name,model_name,model_year,trim_name,body_type,fuel_type,transmission,msrp_base,current_image_count,current_primary_image_url,image_status,image_url,sort_order,notes
14,BMW,X5,2024,xDrive50e,suv,phev,AT,4299000000,0,,missing,https://cdn.jdpower.com/JDP_2024%20BMW%20X5%20xDrive50e%20Brooklyn%20Grey%20Front%20Quarter%20View.jpg,0,
182,BMW,M4,2024,Competition xDrive,coupe,gasoline,8-Speed Automatic,4250000000,1,/placeholders/catalog/coupe.svg,placeholder,https://www.bmw-m.com/content/dam/bmw/marketBMW_M/www_bmw-m_com/all-models/m-automobile/m4cabrio/2024/bmw-m4-competition-cabrio-mit-m-xdrive-ai-03.jpg,0,
13,BMW,X5,2024,xDrive40i,suv,gasoline,AT,3899000000,0,,missing,https://drive.gianhangvn.com/image/img-1370-2666285j33471.jpg,0,
34,BMW,X5,2013,xDrive35i,suv,gasoline,Automatic (S8),35600,1,/placeholders/catalog/suv.svg,placeholder,https://drive.gianhangvn.com/image/img-1370-2666285j33471.jpg,0,
32,BMW,X5,2012,xDrive35i Premium,suv,gasoline,Automatic (S8),33900,1,/placeholders/catalog/suv.svg,placeholder,https://drive.gianhangvn.com/image/img-1370-2666285j33471.jpg,0,
33,BMW,X5,2012,xDrive35d,suv,diesel,Automatic (S6),32700,1,/placeholders/catalog/suv.svg,placeholder,https://drive.gianhangvn.com/image/img-1370-2666285j33471.jpg,0,
31,BMW,X3,2008,3.0si,suv,gasoline,Automatic (S6) (3MODE CLKUP),11350,1,/placeholders/catalog/suv.svg,placeholder,https://bringatrailer.com/wp-content/uploads/2021/12/2008_bmw_x3_2008_bmw_x3_46a268f3-3567-4129-841d-ccc5994c0c5d-bvxh9y-89760-61486.jpg?fit=940%2C627,0,
29,BMW,X3,2007,3.0si,suv,gasoline,Automatic (S6) (3MODE CLKUP),9588,1,/placeholders/catalog/suv.svg,placeholder,https://bringatrailer.com/wp-content/uploads/2021/12/2008_bmw_x3_2008_bmw_x3_46a268f3-3567-4129-841d-ccc5994c0c5d-bvxh9y-89760-61486.jpg?fit=940%2C627,0,
30,BMW,X3,2006,3.0i,suv,gasoline,Automatic (S5) (3MODE CLKUP),7775,1,/placeholders/catalog/suv.svg,placeholder,https://bringatrailer.com/wp-content/uploads/2021/12/2008_bmw_x3_2008_bmw_x3_46a268f3-3567-4129-841d-ccc5994c0c5d-bvxh9y-89760-61486.jpg?fit=940%2C627,0,
184,Chevrolet,Corvette,2024,Z06,coupe,gasoline,8-Speed Dual-Clutch,6400000000,1,/placeholders/catalog/coupe.svg,placeholder,https://xehay.vn/uploads/images/2021/2/02/xehay-Chevrolet-Corvette-2020-23022021-2.jpg,0,
41,Chevrolet,Silverado 1500,2014,LT,pickup,gasoline,Automatic 6-spd,27700,1,/placeholders/catalog/pickup.svg,placeholder,https://static.overfuel.com/photos/320/102859/CAC40CHT27BA01300.webp,0,
46,Chevrolet,Traverse,2014,LT,suv,gasoline,Automatic 6-spd,25700,1,/placeholders/catalog/suv.svg,placeholder,https://cdn-fastly.thetruthaboutcars.com/media/2022/06/30/8673339/capsule-review-2014-chevrolet-traverse-lt-awd.jpg?size=720x845&nocrop=1,0,
42,Chevrolet,Silverado 1500,2013,LT,pickup,other,Automatic 6-spd,25400,1,/placeholders/catalog/pickup.svg,placeholder,https://static.overfuel.com/photos/320/102859/CAC40CHT27BA01300.webp,0,
43,Chevrolet,Silverado 1500,2011,LT,pickup,other,Automatic 6-spd,20300,1,/placeholders/catalog/pickup.svg,placeholder,https://static.overfuel.com/photos/320/102859/CAC40CHT27BA01300.webp,0,
45,Chevrolet,Traverse,2012,LT,suv,gasoline,Automatic 6-spd,17500,1,/placeholders/catalog/suv.svg,placeholder,https://cdn-fastly.thetruthaboutcars.com/media/2022/06/30/8673339/capsule-review-2014-chevrolet-traverse-lt-awd.jpg?size=720x845&nocrop=1,0,
38,Chevrolet,Equinox,2013,LT,suv,gasoline,Automatic 6-spd,15900,1,/placeholders/catalog/suv.svg,placeholder,https://www.edmunds.com/assets/m/chevrolet/equinox/2013/oem/2013_chevrolet_equinox_4dr-suv_ltz_fq_oem_1_600.jpg,0,
44,Chevrolet,Traverse,2012,LS,suv,gasoline,Automatic 6-spd,14900,1,/placeholders/catalog/suv.svg,placeholder,https://cdn-fastly.thetruthaboutcars.com/media/2022/06/30/8673339/capsule-review-2014-chevrolet-traverse-lt-awd.jpg?size=720x845&nocrop=1,0,
39,Chevrolet,Equinox,2012,LT,suv,gasoline,Automatic 6-spd,14250,1,/placeholders/catalog/suv.svg,placeholder,https://www.edmunds.com/assets/m/chevrolet/equinox/2013/oem/2013_chevrolet_equinox_4dr-suv_ltz_fq_oem_1_600.jpg,0,
48,Chevrolet,Volt,2013,Base,hatchback,phev,Automatic (variable gear ratios),14025,1,/placeholders/catalog/hatchback.svg,placeholder,https://media.ed.edmunds-media.com/chevrolet/volt/2013/oem/2013_chevrolet_volt_4dr-hatchback_base_fq_oem_1_1600.jpg,0,
49,Chevrolet,Volt,2011,Base,hatchback,phev,Automatic (variable gear ratios),13175,1,/placeholders/catalog/hatchback.svg,placeholder,https://media.ed.edmunds-media.com/chevrolet/volt/2013/oem/2013_chevrolet_volt_4dr-hatchback_base_fq_oem_1_1600.jpg,0,
36,Chevrolet,Cruze,2014,2LT,sedan,gasoline,Automatic,13150,1,/placeholders/catalog/sedan.svg,placeholder,https://platform.cstatic-images.com/large/in/v2/32b0c73b-a56a-49a8-b671-b41cb005c836/db53b55d-937d-4696-8ca6-df8565c5c437/if2duVhvoIBFvd1tn5oq5nypJko.jpg,0,
40,Chevrolet,Equinox,2012,LS,suv,gasoline,Automatic 6-spd,13050,1,/placeholders/catalog/suv.svg,placeholder,https://www.edmunds.com/assets/m/chevrolet/equinox/2013/oem/2013_chevrolet_equinox_4dr-suv_ltz_fq_oem_1_600.jpg,0,
47,Chevrolet,Volt,2012,Base,hatchback,phev,Automatic (variable gear ratios),12350,1,/placeholders/catalog/hatchback.svg,placeholder,https://media.ed.edmunds-media.com/chevrolet/volt/2013/oem/2013_chevrolet_volt_4dr-hatchback_base_fq_oem_1_1600.jpg,0,
35,Chevrolet,Cruze,2014,1LT,sedan,gasoline,Automatic,12300,1,/placeholders/catalog/sedan.svg,placeholder,https://platform.cstatic-images.com/large/in/v2/32b0c73b-a56a-49a8-b671-b41cb005c836/db53b55d-937d-4696-8ca6-df8565c5c437/if2duVhvoIBFvd1tn5oq5nypJko.jpg,0,
37,Chevrolet,Cruze,2013,1LT,sedan,gasoline,Automatic,10600,1,/placeholders/catalog/sedan.svg,placeholder,https://platform.cstatic-images.com/large/in/v2/32b0c73b-a56a-49a8-b671-b41cb005c836/db53b55d-937d-4696-8ca6-df8565c5c437/if2duVhvoIBFvd1tn5oq5nypJko.jpg,0,
50,Dodge,Grand Caravan,2014,SXT,mpv,gasoline,Automatic 6-spd,16600,1,/placeholders/catalog/mpv.svg,placeholder,https://images.hgmsites.net/lrg/2014-dodge-grand-caravan_100438371_l.jpg,0,
51,Dodge,Grand Caravan,2013,SXT,mpv,gasoline,Automatic 6-spd,11700,1,/placeholders/catalog/mpv.svg,placeholder,https://images.hgmsites.net/lrg/2014-dodge-grand-caravan_100438371_l.jpg,0,
52,Dodge,Grand Caravan,2012,SXT,mpv,other,Automatic 6-spd,10500,1,/placeholders/catalog/mpv.svg,placeholder,https://images.hgmsites.net/lrg/2014-dodge-grand-caravan_100438371_l.jpg,0,
173,Ferrari,488 GTB,2020,Base,coupe,gasoline,7-Speed Dual-Clutch,15500000000,1,/placeholders/catalog/coupe.svg,placeholder,https://www.topgear.com/sites/default/files/cars-car/image/2015/12/li3020379_u6a0684488_1.jpg,0,
57,Ford,Explorer,2014,Limited,suv,gasoline,Automatic (S6),28200,1,/placeholders/catalog/suv.svg,placeholder,https://i.gaw.to/vehicles/photos/05/05/050583_2014_ford_Explorer.jpg?1024x640,0,
61,Ford,F-150,2014,XLT,pickup,gasoline,Automatic 6-spd,26850,1,/placeholders/catalog/pickup.svg,placeholder,https://i.ytimg.com/vi/-Ffq7nWe_TA/maxresdefault.jpg,0,
56,Ford,Explorer,2013,XLT,suv,gasoline,Automatic (S6),25600,1,/placeholders/catalog/suv.svg,placeholder,https://i.gaw.to/vehicles/photos/05/05/050583_2014_ford_Explorer.jpg?1024x640,0,
59,Ford,F-150,2013,XLT,pickup,gasoline,Automatic 6-spd,25000,1,/placeholders/catalog/pickup.svg,placeholder,https://i.ytimg.com/vi/-Ffq7nWe_TA/maxresdefault.jpg,0,
58,Ford,Explorer,2012,XLT,suv,gasoline,Automatic (S6),22900,1,/placeholders/catalog/suv.svg,placeholder,https://i.gaw.to/vehicles/photos/05/05/050583_2014_ford_Explorer.jpg?1024x640,0,
60,Ford,F-150,2011,XLT,pickup,gasoline,Automatic 6-spd,21400,1,/placeholders/catalog/pickup.svg,placeholder,https://i.ytimg.com/vi/-Ffq7nWe_TA/maxresdefault.jpg,0,
70,Ford,Fusion Hybrid,2014,Titanium,sedan,gasoline,Automatic (S6),20350,1,/placeholders/catalog/sedan.svg,placeholder,"https://hips.hearstapps.com/hmg-prod/amv-prod-cad-assets/images/14q3/645236/2014-ford-fusion-20l-ecoboost-awd-titanium-photo-645238-s-986x603.jpg?crop=0.647xw:0.529xh;0.0833xw,0.361xh&resize=640:*",0,
55,Ford,Escape,2013,SEL,suv,gasoline,Automatic (S6),18300,1,/placeholders/catalog/suv.svg,placeholder,https://www.edmunds.com/assets/m/ford/escape/2013/oem/2013_ford_escape_4dr-suv_sel_fq_oem_1_600.jpg,0,
68,Ford,Fusion Hybrid,2014,SE,sedan,gasoline,Automatic (S6),16950,1,/placeholders/catalog/sedan.svg,placeholder,"https://hips.hearstapps.com/hmg-prod/amv-prod-cad-assets/images/14q3/645236/2014-ford-fusion-20l-ecoboost-awd-titanium-photo-645238-s-986x603.jpg?crop=0.647xw:0.529xh;0.0833xw,0.361xh&resize=640:*",0,
69,Ford,Fusion Hybrid,2013,SE,sedan,hybrid,Automatic (variable gear ratios),16050,1,/placeholders/catalog/sedan.svg,placeholder,"https://hips.hearstapps.com/hmg-prod/amv-prod-cad-assets/images/14q3/645236/2014-ford-fusion-20l-ecoboost-awd-titanium-photo-645238-s-986x603.jpg?crop=0.647xw:0.529xh;0.0833xw,0.361xh&resize=640:*",0,
53,Ford,Escape,2013,SE,suv,gasoline,Automatic (S6),15350,1,/placeholders/catalog/suv.svg,placeholder,https://www.edmunds.com/assets/m/ford/escape/2013/oem/2013_ford_escape_4dr-suv_sel_fq_oem_1_600.jpg,0,
66,Ford,Fusion,2014,SE,sedan,gasoline,Automatic (S6),15000,1,/placeholders/catalog/sedan.svg,placeholder,https://hips.hearstapps.com/hmg-prod/amv-prod-cad-assets/images/14q3/612022/2014-ford-fusion-se-15l-ecoboost-automatic-test-review-car-and-driver-photo-623808-s-original.jpg?fill=1:1&resize=1200:*,0,
54,Ford,Escape,2012,XLT,suv,hybrid,Automatic (variable gear ratios),14500,1,/placeholders/catalog/suv.svg,placeholder,https://www.edmunds.com/assets/m/ford/escape/2013/oem/2013_ford_escape_4dr-suv_sel_fq_oem_1_600.jpg,0,
65,Ford,Fusion,2013,SE,sedan,gasoline,Automatic (S6),14250,1,/placeholders/catalog/sedan.svg,placeholder,https://hips.hearstapps.com/hmg-prod/amv-prod-cad-assets/images/14q3/612022/2014-ford-fusion-se-15l-ecoboost-automatic-test-review-car-and-driver-photo-623808-s-original.jpg?fill=1:1&resize=1200:*,0,
63,Ford,Focus,2014,SE,sedan,gasoline,Automatic (AM6),12250,1,/placeholders/catalog/sedan.svg,placeholder,https://preview.redd.it/heres-my-new-to-me-2014-ford-focus-se-hatchback-any-v0-awqdtec0mog31.jpg?width=640&crop=smart&auto=webp&s=f1563eff2e11c639cfd4e73572b6a065707b2e9c,0,
62,Ford,Focus,2013,SE,sedan,gasoline,Automatic (AM6),10850,1,/placeholders/catalog/sedan.svg,placeholder,https://preview.redd.it/heres-my-new-to-me-2014-ford-focus-se-hatchback-any-v0-awqdtec0mog31.jpg?width=640&crop=smart&auto=webp&s=f1563eff2e11c639cfd4e73572b6a065707b2e9c,0,
67,Ford,Fusion,2012,SE,sedan,hybrid,Automatic (variable gear ratios),10350,1,/placeholders/catalog/sedan.svg,placeholder,https://hips.hearstapps.com/hmg-prod/amv-prod-cad-assets/images/14q3/612022/2014-ford-fusion-se-15l-ecoboost-automatic-test-review-car-and-driver-photo-623808-s-original.jpg?fill=1:1&resize=1200:*,0,
64,Ford,Focus,2012,SE,sedan,gasoline,Automatic (AM6),9500,1,/placeholders/catalog/sedan.svg,placeholder,https://preview.redd.it/heres-my-new-to-me-2014-ford-focus-se-hatchback-any-v0-awqdtec0mog31.jpg?width=640&crop=smart&auto=webp&s=f1563eff2e11c639cfd4e73572b6a065707b2e9c,0,
71,GMC,Acadia,2012,Denali,suv,gasoline,Automatic 6-spd,28900,1,/placeholders/catalog/suv.svg,placeholder,https://casmiami.com/Files/Products/102256_1.jpg,0,
73,GMC,Acadia,2012,SLT-1,suv,gasoline,Automatic 6-spd,23300,1,/placeholders/catalog/suv.svg,placeholder,https://casmiami.com/Files/Products/102256_1.jpg,0,
72,GMC,Acadia,2008,SLT-1,suv,gasoline,Automatic 6-spd (CLKUP),11050,1,/placeholders/catalog/suv.svg,placeholder,https://casmiami.com/Files/Products/102256_1.jpg,0,
6,Honda,Civic,2024,e:HEV RS,sedan,hybrid,e-CVT,999000000,0,,missing,https://cdn1.otosaigon.com/data-resize/attachments/3202/3202903-370175f5d703a18cfd124a2dc60e573d.jpg?w=750,0,
5,Honda,Civic,2023,RS,sedan,gasoline,CVT,890000000,0,,missing,https://cdn1.otosaigon.com/data-resize/attachments/3202/3202903-370175f5d703a18cfd124a2dc60e573d.jpg?w=750,0,
84,Honda,Odyssey,2012,EX-L,mpv,gasoline,Automatic 5-speed,22200,1,/placeholders/catalog/mpv.svg,placeholder,https://vehicle-images.carscommerce.inc/ee2c-11002206/5FNRL5H67CB052249/7f631d09e81310b515bff10260108794.jpg,0,
77,Honda,CR-V,2012,EX-L,suv,gasoline,Automatic 5-speed,20300,1,/placeholders/catalog/suv.svg,placeholder,https://media.ed.edmunds-media.com/honda/cr-v/2012/oem/2012_honda_cr-v_4dr-suv_ex-l_fq_oem_1_1600.jpg,0,
83,Honda,Odyssey,2012,EX,mpv,gasoline,Automatic 5-speed,18200,1,/placeholders/catalog/mpv.svg,placeholder,https://vehicle-images.carscommerce.inc/ee2c-11002206/5FNRL5H67CB052249/7f631d09e81310b515bff10260108794.jpg,0,
78,Honda,CR-V,2012,EX,suv,gasoline,Automatic 5-speed,17950,1,/placeholders/catalog/suv.svg,placeholder,https://media.ed.edmunds-media.com/honda/cr-v/2012/oem/2012_honda_cr-v_4dr-suv_ex-l_fq_oem_1_1600.jpg,0,
79,Honda,CR-V,2013,LX,suv,gasoline,Automatic 5-speed,17350,1,/placeholders/catalog/suv.svg,placeholder,https://media.ed.edmunds-media.com/honda/cr-v/2012/oem/2012_honda_cr-v_4dr-suv_ex-l_fq_oem_1_1600.jpg,0,
76,Honda,Accord,2012,EX-L,sedan,gasoline,Automatic 5-speed,14700,1,/placeholders/catalog/sedan.svg,placeholder,https://i2-vnexpress.vnecdn.net/2019/11/18/ac-1574038721-1574038728-6884-1574038759.jpg?w=1200&h=0&q=100&dpr=1&fit=crop&s=BfRxgpnuhADkwEH--1EExA,0,
74,Honda,Accord,2012,SE,sedan,gasoline,Automatic 5-speed,13200,1,/placeholders/catalog/sedan.svg,placeholder,https://i2-vnexpress.vnecdn.net/2019/11/18/ac-1574038721-1574038728-6884-1574038759.jpg?w=1200&h=0&q=100&dpr=1&fit=crop&s=BfRxgpnuhADkwEH--1EExA,0,
82,Honda,Civic,2013,LX,sedan,gasoline,Automatic 5-speed,13150,1,/placeholders/catalog/sedan.svg,placeholder,https://cdn1.otosaigon.com/data-resize/attachments/3202/3202903-370175f5d703a18cfd124a2dc60e573d.jpg?w=750,0,
75,Honda,Accord,2012,LX,sedan,gasoline,Automatic 5-speed,12200,1,/placeholders/catalog/sedan.svg,placeholder,https://i2-vnexpress.vnecdn.net/2019/11/18/ac-1574038721-1574038728-6884-1574038759.jpg?w=1200&h=0&q=100&dpr=1&fit=crop&s=BfRxgpnuhADkwEH--1EExA,0,
81,Honda,Civic,2012,EX,sedan,gasoline,Automatic 5-speed,12100,1,/placeholders/catalog/sedan.svg,placeholder,https://cdn1.otosaigon.com/data-resize/attachments/3202/3202903-370175f5d703a18cfd124a2dc60e573d.jpg?w=750,0,
80,Honda,Civic,2012,LX,sedan,gasoline,Automatic 5-speed,11000,1,/placeholders/catalog/sedan.svg,placeholder,https://cdn1.otosaigon.com/data-resize/attachments/3202/3202903-370175f5d703a18cfd124a2dc60e573d.jpg?w=750,0,
85,Honda,Odyssey,2007,EX-L,mpv,gasoline,Automatic 5-speed,7238,1,/placeholders/catalog/mpv.svg,placeholder,https://vehicle-images.carscommerce.inc/ee2c-11002206/5FNRL5H67CB052249/7f631d09e81310b515bff10260108794.jpg,0,
10,Hyundai,Tucson,2024,2.0 Diesel Special,suv,diesel,AT,1039000000,0,,missing,https://phuclamauto.vn/wp-content/uploads/2024/05/Hyundai-Tucson-2.0-Special-Edition-2024-1-scaled.jpg,0,
9,Hyundai,Tucson,2023,1.6 Turbo,suv,gasoline,DCT,939000000,0,,missing,https://phuclamauto.vn/wp-content/uploads/2024/05/Hyundai-Tucson-2.0-Special-Edition-2024-1-scaled.jpg,0,
89,Hyundai,Santa Fe,2013,Sport,suv,gasoline,Automatic 6-spd,17300,1,/placeholders/catalog/suv.svg,placeholder,https://ca-times.brightspotcdn.com/dims4/default/a7f6bb3/2147483647/strip/true/crop/600x400+0+0/resize/1200x800!/quality/75/?url=https%3A%2F%2Fcalifornia-times-brightspot.s3.amazonaws.com%2F7d%2F1c%2Fe65990d690489ef41b8d66f838e8%2Fla-fi-mo-autos-ttg-hyundai-santa-fe-intro-2012-001,0,
94,Hyundai,Sonata,2014,GLS,sedan,gasoline,Automatic 6-spd,13900,1,/placeholders/catalog/sedan.svg,placeholder,https://vcdn1-vnexpress.vnecdn.net/2013/10/09/hyundai-sonata-1-7228-1381285149.jpg?w=680&h=0&q=100&dpr=2&fit=crop&s=sX_UAhmtTTDuwImhnE3xOQ,0,
88,Hyundai,Elantra,2014,SE,sedan,gasoline,Automatic 6-spd,13100,1,/placeholders/catalog/sedan.svg,placeholder,https://blog.consumerguide.com/wp-content/uploads/sites/2/2014/07/Screen-shot-2014-07-17-at-2.55.16-PM-1024x577.png,0,
92,Hyundai,Sonata,2013,GLS,sedan,gasoline,Automatic 6-spd,12250,1,/placeholders/catalog/sedan.svg,placeholder,https://vcdn1-vnexpress.vnecdn.net/2013/10/09/hyundai-sonata-1-7228-1381285149.jpg?w=680&h=0&q=100&dpr=2&fit=crop&s=sX_UAhmtTTDuwImhnE3xOQ,0,
93,Hyundai,Sonata,2012,GLS,sedan,gasoline,Automatic 6-spd,11700,1,/placeholders/catalog/sedan.svg,placeholder,https://blog.consumerguide.com/wp-content/uploads/sites/2/2014/07/Screen-shot-2014-07-17-at-2.55.16-PM-1024x577.png,0,
86,Hyundai,Elantra,2013,GLS,sedan,gasoline,Automatic 6-spd,11250,1,/placeholders/catalog/sedan.svg,placeholder,https://static.danhgiaxe.com/data/review/thanhnhan_auto_thanhnhan_auto_2012-hyundai-elantra-front-three-quarters_7832_6953.jpg,0,
87,Hyundai,Elantra,2012,GLS,sedan,gasoline,Automatic 6-spd,10500,1,/placeholders/catalog/sedan.svg,placeholder,https://static.danhgiaxe.com/data/review/thanhnhan_auto_thanhnhan_auto_2012-hyundai-elantra-front-three-quarters_7832_6953.jpg,0,
90,Hyundai,Santa Fe,2010,GLS,suv,gasoline,Automatic 6-spd,10050,1,/placeholders/catalog/suv.svg,placeholder,https://ca-times.brightspotcdn.com/dims4/default/a7f6bb3/2147483647/strip/true/crop/600x400+0+0/resize/1200x800!/quality/75/?url=https%3A%2F%2Fcalifornia-times-brightspot.s3.amazonaws.com%2F7d%2F1c%2Fe65990d690489ef41b8d66f838e8%2Fla-fi-mo-autos-ttg-hyundai-santa-fe-intro-2012-001,0,
91,Hyundai,Santa Fe,2005,GLS,suv,gasoline,Automatic 5-spd (CMODE CLKUP),3300,1,/placeholders/catalog/suv.svg,placeholder,https://ca-times.brightspotcdn.com/dims4/default/a7f6bb3/2147483647/strip/true/crop/600x400+0+0/resize/1200x800!/quality/75/?url=https%3A%2F%2Fcalifornia-times-brightspot.s3.amazonaws.com%2F7d%2F1c%2Fe65990d690489ef41b8d66f838e8%2Fla-fi-mo-autos-ttg-hyundai-santa-fe-intro-2012-001,0,
96,Jeep,Grand Cherokee,2014,Limited,suv,gasoline,Automatic 8-spd,31150,1,/placeholders/catalog/suv.svg,placeholder,https://blog.consumerguide.com/wp-content/uploads/sites/2/2014/11/GC.jpg,0,
98,Jeep,Wrangler,2014,Unlimited Sahara,suv,gasoline,Automatic 5-spd,30600,1,/placeholders/catalog/suv.svg,placeholder,https://www.selectjeeps.com/imagetag/12854/main/l/Used-2014-Jeep-Wrangler-Unlimited-Sahara.jpg,0,
100,Jeep,Wrangler,2012,Unlimited Sahara,suv,other,Automatic 5-spd,27100,1,/placeholders/catalog/suv.svg,placeholder,https://www.selectjeeps.com/imagetag/12854/main/l/Used-2014-Jeep-Wrangler-Unlimited-Sahara.jpg,0,
99,Jeep,Wrangler,2013,Unlimited Sport,suv,gasoline,Automatic 5-spd,25400,1,/placeholders/catalog/suv.svg,placeholder,https://www.selectjeeps.com/imagetag/12854/main/l/Used-2014-Jeep-Wrangler-Unlimited-Sahara.jpg,0,
95,Jeep,Grand Cherokee,2012,Laredo,suv,other,Automatic 5-spd,22800,1,/placeholders/catalog/suv.svg,placeholder,https://blog.consumerguide.com/wp-content/uploads/sites/2/2014/11/GC.jpg,0,
97,Jeep,Grand Cherokee,2011,Laredo,suv,gasoline,Automatic 5-spd,19775,1,/placeholders/catalog/suv.svg,placeholder,https://blog.consumerguide.com/wp-content/uploads/sites/2/2014/11/GC.jpg,0,
12,Kia,Carnival,2024,3.5G Signature,mpv,gasoline,AT,1849000000,0,,missing,https://i2-vnexpress.vnecdn.net/2021/10/09/DSC8402jpg-1633765300.jpg?w=700&h=420&q=100&dpr=1&fit=crop&s=Fd91kvPRwq7Hxsd65KQ2SQ,0,
11,Kia,Carnival,2023,2.2D Signature,mpv,diesel,AT,1589000000,0,,missing,https://i2-vnexpress.vnecdn.net/2021/10/09/DSC8402jpg-1633765300.jpg?w=700&h=420&q=100&dpr=1&fit=crop&s=Fd91kvPRwq7Hxsd65KQ2SQ,0,
104,Kia,Sorento,2015,LX,suv,gasoline,Automatic 6-spd,20600,1,/placeholders/catalog/suv.svg,placeholder,https://hips.hearstapps.com/amv-prod-cad-assets.s3.amazonaws.com/vdat/submodels/kia_sorento_kia-sorento_2015-1642784445865.jpg?fill=18:11&resize=640:*,0,
105,Kia,Sorento,2014,LX,suv,gasoline,Automatic 6-spd,16850,1,/placeholders/catalog/suv.svg,placeholder,https://hips.hearstapps.com/amv-prod-cad-assets.s3.amazonaws.com/vdat/submodels/kia_sorento_kia-sorento_2015-1642784445865.jpg?fill=18:11&resize=640:*,0,
101,Kia,Optima,2014,LX,sedan,gasoline,Automatic 6-spd,15150,1,/placeholders/catalog/sedan.svg,placeholder,https://images.hgmsites.net/hug/2014-kia-optima_100425705_h.jpg,0,
106,Kia,Sorento,2013,LX,suv,gasoline,Automatic 6-spd,15100,1,/placeholders/catalog/suv.svg,placeholder,https://hips.hearstapps.com/amv-prod-cad-assets.s3.amazonaws.com/vdat/submodels/kia_sorento_kia-sorento_2015-1642784445865.jpg?fill=18:11&resize=640:*,0,
107,Kia,Soul,2014,+,wagon,gasoline,Automatic 6-spd,13900,1,/placeholders/catalog/wagon.svg,placeholder,https://cdn.chotot.com/tasSGs7p0S5rZ2p6bRkNlj_kEmcd04j7DIzfRnIsaCc/preset:listing/plain/8cca1e91dd4423d374d8d8da7da9681f-2892923099151643111.jpg,0,
102,Kia,Optima,2013,LX,sedan,gasoline,Automatic 6-spd,12250,1,/placeholders/catalog/sedan.svg,placeholder,https://images.hgmsites.net/hug/2014-kia-optima_100425705_h.jpg,0,
103,Kia,Optima,2012,LX,sedan,gasoline,Automatic 6-spd,11750,1,/placeholders/catalog/sedan.svg,placeholder,https://images.hgmsites.net/hug/2014-kia-optima_100425705_h.jpg,0,
108,Kia,Soul,2013,+,wagon,gasoline,Automatic 6-spd,11050,1,/placeholders/catalog/wagon.svg,placeholder,https://cdn.chotot.com/tasSGs7p0S5rZ2p6bRkNlj_kEmcd04j7DIzfRnIsaCc/preset:listing/plain/8cca1e91dd4423d374d8d8da7da9681f-2892923099151643111.jpg,0,
109,Kia,Soul,2013,Base,wagon,gasoline,Automatic 6-spd,10650,1,/placeholders/catalog/wagon.svg,placeholder,https://cdn.chotot.com/tasSGs7p0S5rZ2p6bRkNlj_kEmcd04j7DIzfRnIsaCc/preset:listing/plain/8cca1e91dd4423d374d8d8da7da9681f-2892923099151643111.jpg,0,
186,Lexus,LC,2024,500,coupe,gasoline,10-Speed Automatic,5700000000,1,/placeholders/catalog/coupe.svg,placeholder,https://www.edmunds.com/assets/m/cs/blt7360abbc07d90469/662fd20c08e064f3573f3177/2024_Lexus_LC_500_Convertible2_1600.jpg,0,
18,Lexus,NX,2024,NX350h Premium,suv,hybrid,e-CVT,2789000000,0,,missing,https://media.ed.edmunds-media.com/lexus/nx/2024/oem/2024_lexus_nx_4dr-suv_350h-luxury_fq_oem_1_1600.jpg,0,
17,Lexus,NX,2023,NX250 Luxury,suv,gasoline,AT,2349000000,0,,missing,https://s3.amazonaws.com/cka-dash/010-0223-LOS23242/mainimage.jpg,0,
114,Lexus,RX 350,2013,Base,suv,gasoline,Automatic (S6),32400,1,/placeholders/catalog/suv.svg,placeholder,https://media.ed.edmunds-media.com/lexus/rx-350/2013/oem/2013_lexus_rx-350_4dr-suv_base_fq_oem_3_1600.jpg,0,
111,Lexus,ES 350,2013,Base,sedan,gasoline,Automatic (S6),28000,1,/placeholders/catalog/sedan.svg,placeholder,https://cdn.dealrimages.com/GG%2FM2%2FHP%2FUOIECJTLR6VCOZ.jpg?h=500,0,
113,Lexus,RX 350,2012,Base,suv,hybrid,Automatic (AV-S6),27900,1,/placeholders/catalog/suv.svg,placeholder,https://media.ed.edmunds-media.com/lexus/rx-350/2013/oem/2013_lexus_rx-350_4dr-suv_base_fq_oem_3_1600.jpg,0,
115,Lexus,RX 350,2011,Base,suv,gasoline,Automatic (S6),24250,1,/placeholders/catalog/suv.svg,placeholder,https://media.ed.edmunds-media.com/lexus/rx-350/2013/oem/2013_lexus_rx-350_4dr-suv_base_fq_oem_3_1600.jpg,0,
110,Lexus,ES 350,2012,Base,sedan,gasoline,Automatic (S6),22100,1,/placeholders/catalog/sedan.svg,placeholder,https://cdn.dealrimages.com/GG%2FM2%2FHP%2FUOIECJTLR6VCOZ.jpg?h=500,0,
112,Lexus,ES 350,2007,Base,sedan,hybrid,Automatic (S6),10050,1,/placeholders/catalog/sedan.svg,placeholder,https://cdn.dealrimages.com/GG%2FM2%2FHP%2FUOIECJTLR6VCOZ.jpg?h=500,0,
8,Mazda,Mazda3,2024,Signature,sedan,gasoline,AT,869000000,0,,missing,https://media.baoquangninh.vn/upload/image/202311/medium/2153128_f207b16a34051a04396f5aa0d199c7af.jpeg,0,
7,Mazda,Mazda3,2023,Luxury,sedan,gasoline,AT,769000000,0,,missing,https://media.baoquangninh.vn/upload/image/202311/medium/2153128_f207b16a34051a04396f5aa0d199c7af.jpeg,0,
118,Mazda,Mazda3,2012,i Touring,sedan,gasoline,Automatic (S5),11200,1,/placeholders/catalog/sedan.svg,placeholder,https://hips.hearstapps.com/hmg-prod/amv-prod-cad-assets/images/11q4/424156/2012-mazda-3-i-touring-skyactiv-test-review-car-and-driver-photo-424982-s-original.jpg?fill=1:1&resize=1200:*,0,
116,Mazda,Mazda3,2013,i Sport,sedan,gasoline,Automatic (S6),10100,1,/placeholders/catalog/sedan.svg,placeholder,https://hips.hearstapps.com/hmg-prod/amv-prod-cad-assets/images/11q4/424156/2012-mazda-3-i-touring-skyactiv-test-review-car-and-driver-photo-424982-s-original.jpg?fill=1:1&resize=1200:*,0,
117,Mazda,Mazda3,2012,i Sport,sedan,gasoline,Automatic (S5),9475,1,/placeholders/catalog/sedan.svg,placeholder,https://hips.hearstapps.com/hmg-prod/amv-prod-cad-assets/images/11q4/424156/2012-mazda-3-i-touring-skyactiv-test-review-car-and-driver-photo-424982-s-original.jpg?fill=1:1&resize=1200:*,0,
181,Mercedes-Benz,AMG GT,2020,R,coupe,gasoline,7-Speed Dual-Clutch,8900000000,1,/placeholders/catalog/coupe.svg,placeholder,https://www.topgear.com/sites/default/files/cars-car/image/2020/09/_atf5691.jpeg,0,
16,Mercedes-Benz,C-Class,2024,C300 AMG Line,sedan,gasoline,AT,2099000000,0,,missing,https://andu-mercedes.com/wp-content/uploads/2021/09/mercedes-c300-amg-2022-giaxemercedes-vn-2-min-300x209.jpg,0,
15,Mercedes-Benz,C-Class,2023,C200 Avantgarde,sedan,gasoline,AT,1709000000,0,,missing,https://andu-mercedes.com/wp-content/uploads/2021/09/mercedes-c300-amg-2022-giaxemercedes-vn-2-min-300x209.jpg,0,
123,Mercedes-Benz,M-Class,2012,ML350 4MATIC,suv,gasoline,Automatic 7-spd,33500,1,/placeholders/catalog/suv.svg,placeholder,https://www.netcarshow.com/Mercedes-Benz-M-Class-2012-wallpaper.jpg,0,
122,Mercedes-Benz,M-Class,2011,ML350 4MATIC,suv,gasoline,Automatic 7-spd,26000,1,/placeholders/catalog/suv.svg,placeholder,https://www.netcarshow.com/Mercedes-Benz-M-Class-2012-wallpaper.jpg,0,
121,Mercedes-Benz,C-Class,2013,C250 Sport,sedan,gasoline,Automatic 7-spd,22300,1,/placeholders/catalog/sedan.svg,placeholder,https://www.platinumautohaus.com/imagetag/12775/7/l/Used-2013-Mercedes-Benz-C-Class-C-250-Sport.jpg,0,
120,Mercedes-Benz,C-Class,2012,C300 Luxury 4MATIC,sedan,gasoline,Automatic 7-spd,21500,1,/placeholders/catalog/sedan.svg,placeholder,https://hips.hearstapps.com/autoweek/assets/s3fs-public/711009997-1.jpg,0,
119,Mercedes-Benz,C-Class,2012,C250 Sport,sedan,gasoline,Automatic 7-spd,20900,1,/placeholders/catalog/sedan.svg,placeholder,https://www.platinumautohaus.com/imagetag/12775/7/l/Used-2013-Mercedes-Benz-C-Class-C-250-Sport.jpg,0,
124,Mercedes-Benz,M-Class,2006,ML350,suv,gasoline,Automatic 5-spd (EMS 2MODE CLKUP),9362,1,/placeholders/catalog/suv.svg,placeholder,https://www.netcarshow.com/Mercedes-Benz-M-Class-2012-wallpaper.jpg,0,
183,Nissan,GT-R,2021,Premium,coupe,gasoline,6-Speed Dual-Clutch,5900000000,1,/placeholders/catalog/coupe.svg,placeholder,https://vcdn1-vnexpress.vnecdn.net/2023/05/29/Nissan-GT-R-Nismo-VnExpress-7-1685336748.jpg?w=460&h=0&q=100&dpr=2&fit=crop&s=dNoV5HtXpz4PPeofZq8N3Q,0,
132,Nissan,Rogue,2012,SV,suv,gasoline,Automatic (variable gear ratios),14950,1,/placeholders/catalog/suv.svg,placeholder,https://file.kelleybluebookimages.com/kbb/base/house/2012/2012-Nissan-Rogue-FrontSide_NTROG121_640x480.jpg,0,
133,Nissan,Rogue,2011,SV,suv,gasoline,Automatic (variable gear ratios),14800,1,/placeholders/catalog/suv.svg,placeholder,https://file.kelleybluebookimages.com/kbb/base/house/2012/2012-Nissan-Rogue-FrontSide_NTROG121_640x480.jpg,0,
127,Nissan,Altima,2014,2.5 S,sedan,gasoline,Automatic (variable gear ratios),14650,1,/placeholders/catalog/sedan.svg,placeholder,https://cdn-fastly.thetruthaboutcars.com/media/2022/06/30/8662508/rental-review-2014-nissan-altima-s.jpg?size=1200x628,0,
131,Nissan,Rogue,2012,S,suv,gasoline,Automatic (variable gear ratios),14250,1,/placeholders/catalog/suv.svg,placeholder,https://file.kelleybluebookimages.com/kbb/base/house/2012/2012-Nissan-Rogue-FrontSide_NTROG121_640x480.jpg,0,
126,Nissan,Altima,2013,2.5,sedan,gasoline,Automatic (AV-S6),13100,1,/placeholders/catalog/sedan.svg,placeholder,https://cdn-fastly.thetruthaboutcars.com/media/2022/06/30/8662508/rental-review-2014-nissan-altima-s.jpg?size=1200x628,0,
136,Nissan,Sentra,2014,SV,sedan,gasoline,Automatic (variable gear ratios),12250,1,/placeholders/catalog/sedan.svg,placeholder,https://images.ctfassets.net/c9t6u0qhbv9e/2014NissanSentraTestDriveReviewsummary/9710f15012f1fc3188fe29d360f55d7f/2014_Nissan_Sentra_Test_Drive_Review_summaryImage.jpeg,0,
125,Nissan,Altima,2012,2.5 S,sedan,gasoline,Automatic (AV-S6),12050,1,/placeholders/catalog/sedan.svg,placeholder,https://cdn-fastly.thetruthaboutcars.com/media/2022/06/30/8662508/rental-review-2014-nissan-altima-s.jpg?size=1200x628,0,
135,Nissan,Sentra,2013,SV,sedan,gasoline,Automatic (variable gear ratios),11200,1,/placeholders/catalog/sedan.svg,placeholder,https://images.ctfassets.net/c9t6u0qhbv9e/2014NissanSentraTestDriveReviewsummary/9710f15012f1fc3188fe29d360f55d7f/2014_Nissan_Sentra_Test_Drive_Review_summaryImage.jpeg,0,
128,Nissan,Leaf,2012,SL,hatchback,ev,Automatic (A1),11025,1,/placeholders/catalog/ev.svg,placeholder,https://cdn-fastly.thetruthaboutcars.com/media/2022/07/19/9393677/review-a-week-in-a-2012-nissan-leaf.jpg?size=720x845&nocrop=1,0,
134,Nissan,Sentra,2012,2.0 SR,sedan,gasoline,Automatic (variable gear ratios),10200,1,/placeholders/catalog/sedan.svg,placeholder,https://images.ctfassets.net/c9t6u0qhbv9e/2014NissanSentraTestDriveReviewsummary/9710f15012f1fc3188fe29d360f55d7f/2014_Nissan_Sentra_Test_Drive_Review_summaryImage.jpeg,0,
129,Nissan,Leaf,2013,SV,hatchback,ev,Automatic (A1),9488,1,/placeholders/catalog/ev.svg,placeholder,https://cdn-fastly.thetruthaboutcars.com/media/2022/07/19/9393677/review-a-week-in-a-2012-nissan-leaf.jpg?size=720x845&nocrop=1,0,
130,Nissan,Leaf,2013,S,hatchback,ev,Automatic (A1),8462,1,/placeholders/catalog/ev.svg,placeholder,https://cdn-fastly.thetruthaboutcars.com/media/2022/07/19/9393677/review-a-week-in-a-2012-nissan-leaf.jpg?size=720x845&nocrop=1,0,
178,Porsche,911,2024,Carrera S,coupe,gasoline,8-Speed PDK,8200000000,1,/placeholders/catalog/coupe.svg,placeholder,https://thegioiphuongtien.vn/uploaded/files/b228dfcd6c0c736b2e27c05b3ecf9fc7.jpg,0,
137,Ram,1500,2014,SLT,pickup,gasoline,Automatic 6-spd,25400,1,/placeholders/catalog/pickup.svg,placeholder,https://cdn.dealeraccelerate.com/adrenalin/1/90/1558/1920x1440/2014-ram-1500-slt-quadcab-4x4,0,
138,Ram,1500,2013,Tradesman,pickup,gasoline,Automatic 8-spd,23500,1,/placeholders/catalog/pickup.svg,placeholder,https://cdn.dealeraccelerate.com/adrenalin/1/90/1558/1920x1440/2014-ram-1500-slt-quadcab-4x4,0,
139,Ram,1500,2012,ST,pickup,gasoline,Automatic 6-spd,18450,1,/placeholders/catalog/pickup.svg,placeholder,https://cdn.dealeraccelerate.com/adrenalin/1/90/1558/1920x1440/2014-ram-1500-slt-quadcab-4x4,0,
144,Subaru,Outback,2014,2.5i Limited PZEV,wagon,gasoline,Continuously Variable Transmission (CVT),25700,1,/placeholders/catalog/wagon.svg,placeholder,https://cdn.dealrimages.com/YJ%2FHF%2FNX%2FZZ9Y6JZUALA68Z.jpg?h=500,0,
140,Subaru,Forester,2015,2.5i Premium PZEV,suv,gasoline,Continuously Variable Transmission (CVT),23500,1,/placeholders/catalog/suv.svg,placeholder,https://media.ed.edmunds-media.com/subaru/forester/2015/oem/2015_subaru_forester_4dr-suv_25i-limited-pzev_fq_oem_2_1600.jpg,0,
143,Subaru,Outback,2014,2.5i Premium PZEV,wagon,gasoline,Continuously Variable Transmission (CVT),22500,1,/placeholders/catalog/wagon.svg,placeholder,https://cdn.dealrimages.com/YJ%2FHF%2FNX%2FZZ9Y6JZUALA68Z.jpg?h=500,0,
141,Subaru,Forester,2014,2.5i Premium PZEV,suv,gasoline,Manual/Standard 6-speed,21800,1,/placeholders/catalog/suv.svg,placeholder,https://media.ed.edmunds-media.com/subaru/forester/2015/oem/2015_subaru_forester_4dr-suv_25i-limited-pzev_fq_oem_2_1600.jpg,0,
142,Subaru,Forester,2011,2.5X Premium,suv,gasoline,Automatic 4-speed,17050,1,/placeholders/catalog/suv.svg,placeholder,https://media.ed.edmunds-media.com/subaru/forester/2015/oem/2015_subaru_forester_4dr-suv_25i-limited-pzev_fq_oem_2_1600.jpg,0,
145,Subaru,Outback,2011,2.5i Premium,wagon,gasoline,Continuously Variable Transmission (CVT),14725,1,/placeholders/catalog/wagon.svg,placeholder,https://cdn.dealrimages.com/YJ%2FHF%2FNX%2FZZ9Y6JZUALA68Z.jpg?h=500,0,
4,Toyota,Camry,2024,2.5 Hybrid,sedan,hybrid,e-CVT,1495000000,0,,missing,https://i2-vnexpress.vnecdn.net/2022/03/15/toyotacamry2jpeg-1647331125.jpg?w=700&h=420&q=100&dpr=1&fit=crop&s=HEgBGPMOFlaNHHM7J6pVoA,0,
3,Toyota,Camry,2023,2.0Q,sedan,gasoline,AT,1115000000,0,,missing,https://i2-vnexpress.vnecdn.net/2022/03/15/toyotacamry2jpeg-1647331125.jpg?w=700&h=420&q=100&dpr=1&fit=crop&s=HEgBGPMOFlaNHHM7J6pVoA,0,
2,Toyota,Corolla Cross,2024,Hybrid Premium,suv,hybrid,e-CVT,955000000,0,,missing,https://i1-vnexpress.vnecdn.net/2024/05/06/Toyota-Corolla-Cross-2024-10.jpg?w=2400&h=0&q=100&dpr=1&fit=crop&s=Zn4hkJunz0SQA7tGeJ22dw&t=image,0,
1,Toyota,Corolla Cross,2023,1.8V,suv,gasoline,CVT,820000000,0,,missing,https://i1-vnexpress.vnecdn.net/2024/05/06/Toyota-Corolla-Cross-2024-10.jpg?w=2400&h=0&q=100&dpr=1&fit=crop&s=Zn4hkJunz0SQA7tGeJ22dw&t=image,0,
167,Toyota,Tacoma,2013,V6,pickup,gasoline,Automatic 5-spd,27500,1,/placeholders/catalog/pickup.svg,placeholder,"https://media.carsandbids.com/cdn-cgi/image/width=2080,quality=70/7a0a3c6148108c9c64425dd85e0181fa3cccb652/photos/KVmxjmxY-wK9NIdIjeg-(edit).jpg?t=164708341791",0,
156,Toyota,Highlander,2012,Limited,suv,gasoline,Automatic (S5),27200,1,/placeholders/catalog/suv.svg,placeholder,https://file.kelleybluebookimages.com/kbb/base/house/2012/2012-Toyota-Highlander-FrontSide_TTHIGH121_640x480.jpg,0,
168,Toyota,Tacoma,2013,PreRunner V6,pickup,gasoline,Automatic 5-spd,24700,1,/placeholders/catalog/pickup.svg,placeholder,"https://media.carsandbids.com/cdn-cgi/image/width=2080,quality=70/7a0a3c6148108c9c64425dd85e0181fa3cccb652/photos/KVmxjmxY-wK9NIdIjeg-(edit).jpg?t=164708341791",0,
169,Toyota,Tacoma,2011,V6,pickup,gasoline,Automatic 5-spd,23800,1,/placeholders/catalog/pickup.svg,placeholder,"https://media.carsandbids.com/cdn-cgi/image/width=2080,quality=70/7a0a3c6148108c9c64425dd85e0181fa3cccb652/photos/KVmxjmxY-wK9NIdIjeg-(edit).jpg?t=164708341791",0,
146,Toyota,4Runner,2011,SR5,suv,gasoline,Automatic (S5),23500,1,/placeholders/catalog/suv.svg,placeholder,https://www.formulaimports.com/imagetag/1480/main/l/Used-2011-Toyota-4Runner-SR5-SUNROOF-4X4-BLUETOOTH-BACKUP-CAMERA-1662737738.jpg,0,
165,Toyota,Sienna,2014,LE 7-Passenger Mobility Auto Access,mpv,gasoline,Automatic (S6),22200,1,/placeholders/catalog/mpv.svg,placeholder,https://www.edmunds.com/assets/m/for-sale/bc-5tdkk3dc7es427639/img-1-600x400.jpg,0,
155,Toyota,Highlander,2012,Base,suv,gasoline,Automatic (S5),22000,1,/placeholders/catalog/suv.svg,placeholder,https://file.kelleybluebookimages.com/kbb/base/house/2012/2012-Toyota-Highlander-FrontSide_TTHIGH121_640x480.jpg,0,
164,Toyota,Sienna,2013,LE 7-Passenger Mobility Auto Access,mpv,gasoline,Automatic (S6),17350,1,/placeholders/catalog/mpv.svg,placeholder,https://www.edmunds.com/assets/m/for-sale/bc-5tdkk3dc7es427639/img-1-600x400.jpg,0,
166,Toyota,Sienna,2012,LE 8-Passenger,mpv,gasoline,Automatic (S6),17050,1,/placeholders/catalog/mpv.svg,placeholder,https://www.edmunds.com/assets/m/for-sale/bc-5tdkk3dc7es427639/img-1-600x400.jpg,0,
163,Toyota,RAV4,2013,LE,suv,gasoline,Automatic (S6),16900,1,/placeholders/catalog/suv.svg,placeholder,"https://hips.hearstapps.com/hmg-prod/amv-prod-cad-assets/images/13q1/494258/2013-toyota-rav4-xle-awd-test-review-car-and-driver-photo-508756-s-original.jpg?crop=0.864xw:0.841xh;0.0867xw,0.0836xh&resize=640:*",0,
149,Toyota,Camry,2014,SE,sedan,gasoline,Automatic (S6),16350,1,/placeholders/catalog/sedan.svg,placeholder,https://vcdn1-vnexpress.vnecdn.net/2021/04/06/maxresdefault-1617693428-16176-5033-8163-1617693447.jpg?w=500&h=300&q=100&dpr=1&fit=crop&s=bifLDgrT-v9p96glUDjAAA,0,
150,Toyota,Camry,2014,LE,sedan,gasoline,Automatic (S6),15250,1,/placeholders/catalog/sedan.svg,placeholder,https://vcdn1-vnexpress.vnecdn.net/2021/04/06/maxresdefault-1617693428-16176-5033-8163-1617693447.jpg?w=500&h=300&q=100&dpr=1&fit=crop&s=bifLDgrT-v9p96glUDjAAA,0,
161,Toyota,RAV4,2012,Base,suv,gasoline,Automatic 4-spd,14750,1,/placeholders/catalog/suv.svg,placeholder,"https://hips.hearstapps.com/hmg-prod/amv-prod-cad-assets/images/13q1/494258/2013-toyota-rav4-xle-awd-test-review-car-and-driver-photo-508756-s-original.jpg?crop=0.864xw:0.841xh;0.0867xw,0.0836xh&resize=640:*",0,
162,Toyota,RAV4,2011,Base,suv,gasoline,Automatic 4-spd,14600,1,/placeholders/catalog/suv.svg,placeholder,"https://hips.hearstapps.com/hmg-prod/amv-prod-cad-assets/images/13q1/494258/2013-toyota-rav4-xle-awd-test-review-car-and-driver-photo-508756-s-original.jpg?crop=0.864xw:0.841xh;0.0867xw,0.0836xh&resize=640:*",0,
158,Toyota,Prius,2013,Two,hatchback,hybrid,Automatic (variable gear ratios),14550,1,/placeholders/catalog/hatchback.svg,placeholder,https://file.kelleybluebookimages.com/kbb/base/house/2013/2013-Toyota-Prius-FrontSide_TOPRIUS131_640x480.jpg,0,
160,Toyota,Prius,2012,Three,hatchback,hybrid,Automatic (variable gear ratios),13750,1,/placeholders/catalog/hatchback.svg,placeholder,https://file.kelleybluebookimages.com/kbb/base/house/2013/2013-Toyota-Prius-FrontSide_TOPRIUS131_640x480.jpg,0,
153,Toyota,Corolla,2014,LE,sedan,gasoline,Automatic 4-spd,13350,1,/placeholders/catalog/sedan.svg,placeholder,https://thesaigontimes.vn/Uploads/Articles/101796/b7181_006_2014_toyota_corolla_1370577907.jpg,0,
159,Toyota,Prius,2011,Three,hatchback,hybrid,Automatic (variable gear ratios),13200,1,/placeholders/catalog/hatchback.svg,placeholder,https://file.kelleybluebookimages.com/kbb/base/house/2013/2013-Toyota-Prius-FrontSide_TOPRIUS131_640x480.jpg,0,
151,Toyota,Camry,2012,LE,sedan,gasoline,Automatic (S6),12850,1,/placeholders/catalog/sedan.svg,placeholder,https://vcdn1-vnexpress.vnecdn.net/2021/04/06/maxresdefault-1617693428-16176-5033-8163-1617693447.jpg?w=500&h=300&q=100&dpr=1&fit=crop&s=bifLDgrT-v9p96glUDjAAA,0,
152,Toyota,Corolla,2013,LE,sedan,gasoline,Automatic 4-spd,11200,1,/placeholders/catalog/sedan.svg,placeholder,https://thesaigontimes.vn/Uploads/Articles/101796/b7181_006_2014_toyota_corolla_1370577907.jpg,0,
154,Toyota,Corolla,2012,LE,sedan,gasoline,Automatic 4-spd,10000,1,/placeholders/catalog/sedan.svg,placeholder,https://thesaigontimes.vn/Uploads/Articles/101796/b7181_006_2014_toyota_corolla_1370577907.jpg,0,
148,Toyota,4Runner,2006,SR5,suv,gasoline,Automatic 5-spd (CLKUP),9675,1,/placeholders/catalog/suv.svg,placeholder,https://www.formulaimports.com/imagetag/1480/main/l/Used-2011-Toyota-4Runner-SR5-SUNROOF-4X4-BLUETOOTH-BACKUP-CAMERA-1662737738.jpg,0,
147,Toyota,4Runner,2005,SR5,suv,gasoline,Automatic 5-spd (CLKUP),7600,1,/placeholders/catalog/suv.svg,placeholder,https://www.formulaimports.com/imagetag/1480/main/l/Used-2011-Toyota-4Runner-SR5-SUNROOF-4X4-BLUETOOTH-BACKUP-CAMERA-1662737738.jpg,0,
157,Toyota,Highlander,2003,Base,suv,gasoline,Automatic 4-spd (CLKUP),5338,1,/placeholders/catalog/suv.svg,placeholder,https://file.kelleybluebookimages.com/kbb/base/house/2012/2012-Toyota-Highlander-FrontSide_TTHIGH121_640x480.jpg,0,
20,VinFast,VF 8,2024,Plus,suv,ev,Single-speed,1359000000,0,,missing,https://giaxeotovinfast.com/wp-content/uploads/2024/07/vinfast-vf-8-mau-xanh.jpg,0,
19,VinFast,VF 8,2023,Eco,suv,ev,Single-speed,1170000000,0,,missing,https://vinfast.danang.vn/wp-content/uploads/2025/07/vinfast-vf8-eco-2024-8.jpg.webp,0,
172,Volkswagen,Jetta,2014,SE PZEV,sedan,diesel,Automatic,12400,1,/placeholders/catalog/sedan.svg,placeholder,https://www.edmunds.com/assets/m/volkswagen/jetta-hybrid/2013/oem/2013_volkswagen_jetta-hybrid_sedan_sel-premium_fq_oem_1_600.jpg,0,
171,Volkswagen,Jetta,2013,SE PZEV,sedan,gasoline,Manual/Standard 5-speed,11350,1,/placeholders/catalog/sedan.svg,placeholder,https://automanager.blob.core.windows.net/wmphotos/039339/b7c6d4234cc0480fb754381a058bbcfb/08cf6e1239_1280.jpg,0,
170,Volkswagen,Jetta,2012,SE PZEV,sedan,gasoline,Automatic,10100,1,/placeholders/catalog/sedan.svg,placeholder,https://static.overfuel.com/photos/537/337458/Iw.webp,0,
